{
  "sessions" : {
    "EqZb" : {
      "dx" : -82.60800170898438,
      "dy" : -17.391006469726562,
      "isTouchEnd" : true
    }
  }
}
